session_id,source_file,s3_key,total_chunks,total_duration,processing_start,processing_end,processing_duration,vad_settings,transcription_model,mfa_used,created_at
c01b83b9-c71b-45e5-b68f-9b9e86a29cab,/Users/thun/Desktop/pan-sea/voice-scraping-n-segmentation/data/temp/temp_audio_20250914_143445.wav,audio_for_training/voice1.wav,710,3471.400000000001,2025-09-14T14:35:12.374686,2025-09-14T15:03:56.118799,1723.74445,"{'vad_aggressiveness': 3, 'min_chunk_duration': 1.0, 'max_chunk_duration': 5.0}",,False,2025-09-14T14:35:12.374747
88bda0d0-c935-44c6-89ba-c71f40f5d02b,/Users/thun/Desktop/pan-sea/voice-scraping-n-segmentation/data/temp/temp_audio_20250914_150436.wav,audio_for_training/voice2.wav,537,2647.01,2025-09-14T15:04:58.957130,2025-09-14T15:26:22.761112,1283.804177,"{'vad_aggressiveness': 3, 'min_chunk_duration': 1.0, 'max_chunk_duration': 5.0}",,False,2025-09-14T15:04:58.957170
39e4b3a8-1991-4ac5-b6d8-7141a4d55366,/Users/thun/Desktop/pan-sea/voice-scraping-n-segmentation/data/temp/temp_audio_20250914_152636.wav,audio_for_training/voice3.wav,762,3747.9700000000007,2025-09-14T15:27:10.973967,2025-09-14T15:57:15.674390,1804.700731,"{'vad_aggressiveness': 3, 'min_chunk_duration': 1.0, 'max_chunk_duration': 5.0}",,False,2025-09-14T15:27:10.974042
c0cc9e85-a216-49c8-b42c-037402fb0b4d,/Users/thun/Desktop/pan-sea/voice-scraping-n-segmentation/data/temp/temp_audio_20250914_155730.wav,audio_for_training/voice4.wav,306,1473.34,2025-09-14T15:57:39.555509,2025-09-14T16:09:47.321027,727.766181,"{'vad_aggressiveness': 3, 'min_chunk_duration': 1.0, 'max_chunk_duration': 5.0}",,False,2025-09-14T15:57:39.555665
d86857e2-158e-4601-a1c9-b34d201db8f9,/Users/thun/Desktop/pan-sea/voice-scraping-n-segmentation/data/temp/temp_audio_20250914_162926.wav,audio_for_training/voice5.wav,254,1181.8200000000002,2025-09-14T16:29:34.688495,2025-09-14T16:39:10.731038,576.049164,"{'vad_aggressiveness': 3, 'min_chunk_duration': 1.0, 'max_chunk_duration': 5.0}",,False,2025-09-14T16:29:34.688672
4860a7f9-7bef-4f90-97e4-8c59282f1faf,/Users/thun/Desktop/pan-sea/voice-scraping-n-segmentation/data/temp/temp_audio_20250914_163946.wav,audio_for_training/voice6.wav,262,1209.15,2025-09-14T16:39:56.173407,2025-09-14T16:49:51.647666,595.474637,"{'vad_aggressiveness': 3, 'min_chunk_duration': 1.0, 'max_chunk_duration': 5.0}",,False,2025-09-14T16:39:56.173462
9af9a637-40d6-423c-89f5-6acb2309a773,/Users/thun/Desktop/pan-sea/voice-scraping-n-segmentation/data/temp/temp_audio_20250914_165012.wav,audio_for_training/voice7.wav,297,1433.57,2025-09-14T16:50:21.998749,2025-09-14T17:02:20.184041,718.185591,"{'vad_aggressiveness': 3, 'min_chunk_duration': 1.0, 'max_chunk_duration': 5.0}",,False,2025-09-14T16:50:21.998811
187f6778-63b4-44ac-8246-ef3e8388c312,/Users/thun/Desktop/pan-sea/voice-scraping-n-segmentation/data/temp/temp_audio_20250914_170230.wav,audio_for_training/voice8.wav,285,1394.5499999999995,2025-09-14T17:02:39.415349,2025-09-14T17:14:18.296579,698.881693,"{'vad_aggressiveness': 3, 'min_chunk_duration': 1.0, 'max_chunk_duration': 5.0}",,False,2025-09-14T17:02:39.415427
22bb81f7-5cc0-4d1e-a4c4-20593237daa0,/Users/thun/Desktop/pan-sea/voice-scraping-n-segmentation/data/temp/temp_audio_20250914_171539.wav,audio_for_training/voice9.wav,368,1734.2099999999996,2025-09-14T17:15:49.630335,2025-09-14T17:29:35.833770,826.203733,"{'vad_aggressiveness': 3, 'min_chunk_duration': 1.0, 'max_chunk_duration': 5.0}",,False,2025-09-14T17:15:49.633091
26907aaf-977c-4e37-b0bd-69ea902cca91,/Users/thun/Desktop/pan-sea/voice-scraping-n-segmentation/data/temp/temp_audio_20250914_173056.wav,audio_for_training/voice10.wav,361,1777.65,2025-09-14T17:31:07.718271,2025-09-14T17:45:21.820938,854.103614,"{'vad_aggressiveness': 3, 'min_chunk_duration': 1.0, 'max_chunk_duration': 5.0}",,False,2025-09-14T17:31:07.718354
1f7dc77a-990a-49e7-adf8-ef9ea1d75c56,/Users/thun/Desktop/pan-sea/voice-scraping-n-segmentation/data/temp/temp_audio_20250914_174635.wav,audio_for_training/voice11.wav,519,1628.6899999999987,2025-09-14T17:46:46.031527,2025-09-14T18:03:01.772961,975.741923,"{'vad_aggressiveness': 3, 'min_chunk_duration': 1.0, 'max_chunk_duration': 5.0}",,False,2025-09-14T17:46:46.031587
419a588c-d076-403d-96eb-7ca6f08ee342,/Users/thun/Desktop/pan-sea/voice-scraping-n-segmentation/data/temp/temp_audio_20250914_180401.wav,audio_for_training/voice12.wav,1140,4800.5499999999965,2025-09-14T18:04:28.164466,2025-09-14T18:46:00.490804,2492.326853,"{'vad_aggressiveness': 3, 'min_chunk_duration': 1.0, 'max_chunk_duration': 5.0}",,False,2025-09-14T18:04:28.165924
238f3556-441d-4896-a70a-3f2e2930152a,/Users/thun/Desktop/pan-sea/voice-scraping-n-segmentation/data/temp/temp_audio_20250914_183828.wav,audio_for_training/voice21.wav,472,2312.2000000000003,2025-09-14T18:38:44.499323,2025-09-14T19:06:31.239196,1666.740557,"{'vad_aggressiveness': 3, 'min_chunk_duration': 1.0, 'max_chunk_duration': 5.0}",,False,2025-09-14T18:38:44.499807
075b362b-dc77-4de4-b32e-76cb03e390c0,/Users/thun/Desktop/pan-sea/voice-scraping-n-segmentation/data/temp/temp_audio_20250914_185056.wav,audio_for_training/voice13.wav,565,2597.3899999999994,2025-09-14T18:51:12.517879,2025-09-14T19:13:05.243554,1312.725938,"{'vad_aggressiveness': 3, 'min_chunk_duration': 1.0, 'max_chunk_duration': 5.0}",,False,2025-09-14T18:51:12.517932
be28e3d7-1a37-4072-a618-17020c04dd94,/Users/thun/Desktop/pan-sea/voice-scraping-n-segmentation/data/temp/temp_audio_20250914_185609.wav,audio_for_training/voice31.wav,442,1736.8899999999985,2025-09-14T18:56:21.459010,2025-09-14T19:18:37.030506,1335.572312,"{'vad_aggressiveness': 3, 'min_chunk_duration': 1.0, 'max_chunk_duration': 5.0}",,False,2025-09-14T18:56:21.459087
7198b617-8e38-4a79-84b1-f5d37f132fbc,/Users/thun/Desktop/pan-sea/voice-scraping-n-segmentation/data/temp/temp_audio_20250914_190640.wav,audio_for_training/voice41.wav,365,1748.9300000000003,2025-09-14T19:06:51.187263,2025-09-14T19:30:37.791269,1426.604264,"{'vad_aggressiveness': 3, 'min_chunk_duration': 1.0, 'max_chunk_duration': 5.0}",,False,2025-09-14T19:06:51.187300
f846c092-dc2a-4c3d-8fc3-618121ee16c8,/Users/thun/Desktop/pan-sea/voice-scraping-n-segmentation/data/temp/temp_audio_20250914_190843.wav,audio_for_training/voice22.wav,423,2057.3399999999997,2025-09-14T19:08:57.076237,2025-09-14T19:37:34.937884,1717.861892,"{'vad_aggressiveness': 3, 'min_chunk_duration': 1.0, 'max_chunk_duration': 5.0}",,False,2025-09-14T19:08:57.077101
13c46e04-3dd9-4a94-bbe7-a9f48310723b,/Users/thun/Desktop/pan-sea/voice-scraping-n-segmentation/data/temp/temp_audio_20250914_191419.wav,audio_for_training/voice14.wav,360,1757.85,2025-09-14T19:14:30.097450,2025-09-14T19:28:52.644567,862.548013,"{'vad_aggressiveness': 3, 'min_chunk_duration': 1.0, 'max_chunk_duration': 5.0}",,False,2025-09-14T19:14:30.097880
4df4de5c-30b1-4442-9e17-68afb1df7d56,/Users/thun/Desktop/pan-sea/voice-scraping-n-segmentation/data/temp/temp_audio_20250914_191851.wav,audio_for_training/voice32.wav,443,1447.779999999999,2025-09-14T19:19:00.919827,2025-09-14T19:40:57.137582,1316.218378,"{'vad_aggressiveness': 3, 'min_chunk_duration': 1.0, 'max_chunk_duration': 5.0}",,False,2025-09-14T19:19:00.920341
5f5d481a-3325-4987-841b-309c4ea42727,/Users/thun/Desktop/pan-sea/voice-scraping-n-segmentation/data/temp/temp_audio_20250914_193112.wav,audio_for_training/voice42.wav,362,1743.9200000000003,2025-09-14T19:31:23.704647,2025-09-14T19:59:24.525156,1680.821311,"{'vad_aggressiveness': 3, 'min_chunk_duration': 1.0, 'max_chunk_duration': 5.0}",,False,2025-09-14T19:31:23.704741
5ffd80a7-eb23-4b20-9fe9-c8389a8bb6d2,/Users/thun/Desktop/pan-sea/voice-scraping-n-segmentation/data/temp/temp_audio_20250914_193119.wav,audio_for_training/voice15.wav,364,1766.58,2025-09-14T19:31:30.454704,2025-09-14T19:45:50.114995,859.66178,"{'vad_aggressiveness': 3, 'min_chunk_duration': 1.0, 'max_chunk_duration': 5.0}",,False,2025-09-14T19:31:30.454824
8f6932c5-8c10-47d4-92a9-bf5644c911a7,/Users/thun/Desktop/pan-sea/voice-scraping-n-segmentation/data/temp/temp_audio_20250914_205522.wav,audio_for_training/voice23.wav,332,1077.8699999999994,2025-09-14T20:56:39.465299,2025-09-14T21:11:31.304970,891.840736,"{'vad_aggressiveness': 3, 'min_chunk_duration': 1.0, 'max_chunk_duration': 5.0}",,False,2025-09-14T20:56:39.466948
02c76e4c-14e2-4b51-8b6d-cfe8199ce0e6,/Users/thun/Desktop/pan-sea/voice-scraping-n-segmentation/data/temp/temp_audio_20250914_205520.wav,audio_for_training/voice16.wav,313,1554.92,2025-09-14T20:56:47.580301,2025-09-14T21:08:53.362000,725.782971,"{'vad_aggressiveness': 3, 'min_chunk_duration': 1.0, 'max_chunk_duration': 5.0}",,False,2025-09-14T20:56:47.581003
71c7854a-c415-46d2-bc77-9f24f0fcb4ad,/Users/thun/Desktop/pan-sea/voice-scraping-n-segmentation/data/temp/temp_audio_20250914_205524.wav,audio_for_training/voice33.wav,585,1906.3199999999997,2025-09-14T20:56:48.981549,2025-09-14T21:21:31.477315,1482.498306,"{'vad_aggressiveness': 3, 'min_chunk_duration': 1.0, 'max_chunk_duration': 5.0}",,False,2025-09-14T20:56:48.983830
0460e2b6-f38e-4835-8f8b-e8577b4cce3b,/Users/thun/Desktop/pan-sea/voice-scraping-n-segmentation/data/temp/temp_audio_20250914_205526.wav,audio_for_training/voice43.wav,364,1781.85,2025-09-14T20:57:01.068588,2025-09-14T21:17:25.180577,1224.114054,"{'vad_aggressiveness': 3, 'min_chunk_duration': 1.0, 'max_chunk_duration': 5.0}",,False,2025-09-14T20:57:01.069009
d4349082-86a1-4f09-98d4-bf975c582ea5,/Users/thun/Desktop/pan-sea/voice-scraping-n-segmentation/data/temp/temp_audio_20250914_213130.wav,audio_for_training/voice17.wav,362,1728.019999999999,2025-09-14T21:32:51.771644,2025-09-14T21:46:26.126084,814.355087,"{'vad_aggressiveness': 3, 'min_chunk_duration': 1.0, 'max_chunk_duration': 5.0}",,False,2025-09-14T21:32:51.773068
a85176ba-0fa4-4927-a85f-3af25fe934aa,/Users/thun/Desktop/pan-sea/voice-scraping-n-segmentation/data/temp/temp_audio_20250914_213147.wav,audio_for_training/voice44.wav,371,1777.1399999999994,2025-09-14T21:32:53.328020,2025-09-14T21:51:38.664925,1125.339106,"{'vad_aggressiveness': 3, 'min_chunk_duration': 1.0, 'max_chunk_duration': 5.0}",,False,2025-09-14T21:32:53.328396
501cede5-454b-4359-b59f-ff3369a13269,/Users/thun/Desktop/pan-sea/voice-scraping-n-segmentation/data/temp/temp_audio_20250914_213135.wav,audio_for_training/voice24.wav,526,1688.939999999998,2025-09-14T21:32:56.605283,2025-09-14T21:52:46.470426,1189.865721,"{'vad_aggressiveness': 3, 'min_chunk_duration': 1.0, 'max_chunk_duration': 5.0}",,False,2025-09-14T21:32:56.606205
6b62c562-47f5-433e-b546-d646abed6cd8,/Users/thun/Desktop/pan-sea/voice-scraping-n-segmentation/data/temp/temp_audio_20250914_213142.wav,audio_for_training/voice34.wav,541,1746.6599999999976,2025-09-14T21:32:58.608170,2025-09-14T21:53:57.006601,1258.399569,"{'vad_aggressiveness': 3, 'min_chunk_duration': 1.0, 'max_chunk_duration': 5.0}",,False,2025-09-14T21:32:58.608711
2e224d2f-854d-4eca-ba3d-1889bef8ccdb,/Users/thun/Desktop/pan-sea/voice-scraping-n-segmentation/data/temp/temp_audio_20250914_213537.wav,audio_for_training/voice51.wav,319,1560.2599999999995,2025-09-14T21:35:52.559960,2025-09-14T21:52:23.283978,990.724765,"{'vad_aggressiveness': 3, 'min_chunk_duration': 1.0, 'max_chunk_duration': 5.0}",,False,2025-09-14T21:35:52.560031
b3e288e1-26c4-45ff-9278-6430c152eea2,/Users/thun/Desktop/pan-sea/voice-scraping-n-segmentation/data/temp/temp_audio_20250914_213822.wav,audio_for_training/voice61.wav,359,1768.3199999999997,2025-09-14T21:38:40.272471,2025-09-14T21:58:30.163175,1189.890915,"{'vad_aggressiveness': 3, 'min_chunk_duration': 1.0, 'max_chunk_duration': 5.0}",,False,2025-09-14T21:38:40.272508
7272682d-0528-4941-9452-ef8d99c11493,/Users/thun/Desktop/pan-sea/voice-scraping-n-segmentation/data/temp/temp_audio_20250914_215804.wav,audio_for_training/voice45.wav,363,1768.16,2025-09-14T21:59:42.442660,2025-09-14T22:17:20.425350,1057.983835,"{'vad_aggressiveness': 3, 'min_chunk_duration': 1.0, 'max_chunk_duration': 5.0}",,False,2025-09-14T21:59:42.442750
986f3495-8102-4aef-842e-784ec1588422,/Users/thun/Desktop/pan-sea/voice-scraping-n-segmentation/data/temp/temp_audio_20250914_215755.wav,audio_for_training/voice25.wav,631,2463.5399999999977,2025-09-14T21:59:43.739990,2025-09-14T22:24:50.187491,1506.447945,"{'vad_aggressiveness': 3, 'min_chunk_duration': 1.0, 'max_chunk_duration': 5.0}",,False,2025-09-14T21:59:43.740025
96e53b4c-b528-494d-95cd-f0d544063171,/Users/thun/Desktop/pan-sea/voice-scraping-n-segmentation/data/temp/temp_audio_20250914_215810.wav,audio_for_training/voice52.wav,327,1622.3200000000002,2025-09-14T21:59:44.460563,2025-09-14T22:16:10.824138,986.363994,"{'vad_aggressiveness': 3, 'min_chunk_duration': 1.0, 'max_chunk_duration': 5.0}",,False,2025-09-14T21:59:44.460648
5ae8a80f-1121-455c-b1db-dd03267371d9,/Users/thun/Desktop/pan-sea/voice-scraping-n-segmentation/data/temp/temp_audio_20250914_215759.wav,audio_for_training/voice35.wav,525,1693.0599999999986,2025-09-14T21:59:47.894618,2025-09-14T22:18:44.819845,1136.926042,"{'vad_aggressiveness': 3, 'min_chunk_duration': 1.0, 'max_chunk_duration': 5.0}",,False,2025-09-14T21:59:47.894891
7ade1e5b-cb99-435f-b770-b601216e95bb,/Users/thun/Desktop/pan-sea/voice-scraping-n-segmentation/data/temp/temp_audio_20250914_215750.wav,audio_for_training/voice18.wav,717,3550.7999999999997,2025-09-14T21:59:49.861559,2025-09-14T22:28:24.886866,1715.02618,"{'vad_aggressiveness': 3, 'min_chunk_duration': 1.0, 'max_chunk_duration': 5.0}",,False,2025-09-14T21:59:49.861994
86061059-4532-4062-ba5e-209fdbe75a68,/Users/thun/Desktop/pan-sea/voice-scraping-n-segmentation/data/temp/temp_audio_20250914_220435.wav,audio_for_training/voice62.wav,359,1781.1199999999997,2025-09-14T22:04:53.962225,2025-09-14T22:22:11.668848,1037.707194,"{'vad_aggressiveness': 3, 'min_chunk_duration': 1.0, 'max_chunk_duration': 5.0}",,False,2025-09-14T22:04:53.962305
a62d5f2c-3045-4fea-9d62-bd25dde9c6b8,/Users/thun/Desktop/pan-sea/voice-scraping-n-segmentation/data/temp/temp_audio_20250914_221956.wav,audio_for_training/voice36.wav,558,1815.5799999999988,2025-09-14T22:20:56.442281,2025-09-14T22:38:16.448083,1040.006017,"{'vad_aggressiveness': 3, 'min_chunk_duration': 1.0, 'max_chunk_duration': 5.0}",,False,2025-09-14T22:20:56.442558
5cd8e2ee-33a1-4f77-8721-efb38c790faf,/Users/thun/Desktop/pan-sea/voice-scraping-n-segmentation/data/temp/temp_audio_20250914_222001.wav,audio_for_training/voice46.wav,367,1773.63,2025-09-14T22:20:58.963009,2025-09-14T22:36:30.760056,931.797851,"{'vad_aggressiveness': 3, 'min_chunk_duration': 1.0, 'max_chunk_duration': 5.0}",,False,2025-09-14T22:20:58.963472
024fb28f-6e63-4125-8371-1901b927a7c0,/Users/thun/Desktop/pan-sea/voice-scraping-n-segmentation/data/temp/temp_audio_20250914_222008.wav,audio_for_training/voice53.wav,365,1743.71,2025-09-14T22:21:02.444276,2025-09-14T22:36:15.762523,913.318959,"{'vad_aggressiveness': 3, 'min_chunk_duration': 1.0, 'max_chunk_duration': 5.0}",,False,2025-09-14T22:21:02.444517
2ce9dde9-8455-46a7-b40e-c2d8d115bf1d,/Users/thun/Desktop/pan-sea/voice-scraping-n-segmentation/data/temp/temp_audio_20250914_222757.wav,audio_for_training/voice26.wav,580,2273.759999999998,2025-09-14T22:28:38.535358,2025-09-14T22:49:29.581693,1251.047354,"{'vad_aggressiveness': 3, 'min_chunk_duration': 1.0, 'max_chunk_duration': 5.0}",,False,2025-09-14T22:28:38.535432
07c1a035-ba7f-402f-a53c-a3d40fa981c6,/Users/thun/Desktop/pan-sea/voice-scraping-n-segmentation/data/temp/temp_audio_20250914_222802.wav,audio_for_training/voice63.wav,359,1771.3500000000004,2025-09-14T22:28:39.542704,2025-09-14T22:43:39.472678,899.930138,"{'vad_aggressiveness': 3, 'min_chunk_duration': 1.0, 'max_chunk_duration': 5.0}",,False,2025-09-14T22:28:39.543422
7a200854-9a43-4ada-a966-e29540d0cc1d,/Users/thun/Desktop/pan-sea/voice-scraping-n-segmentation/data/temp/temp_audio_20250914_223252.wav,audio_for_training/voice18.wav,717,3550.8299999999995,2025-09-14T22:33:28.357567,2025-09-14T23:03:48.247031,1819.88968,"{'vad_aggressiveness': 3, 'min_chunk_duration': 1.0, 'max_chunk_duration': 5.0}",,False,2025-09-14T22:33:28.357977
664f3d12-4c65-406d-b246-3948b66ff497,/Users/thun/Desktop/pan-sea/voice-scraping-n-segmentation/data/temp/temp_audio_20250914_224408.wav,audio_for_training/voice47.wav,341,1679.24,2025-09-14T22:45:31.183018,2025-09-14T22:59:21.938712,830.756183,"{'vad_aggressiveness': 3, 'min_chunk_duration': 1.0, 'max_chunk_duration': 5.0}",,False,2025-09-14T22:45:31.183098
dd372fd7-89db-4555-8082-741a82ce6a35,/Users/thun/Desktop/pan-sea/voice-scraping-n-segmentation/data/temp/temp_audio_20250914_224413.wav,audio_for_training/voice54.wav,363,1773.1799999999998,2025-09-14T22:45:35.989576,2025-09-14T23:00:00.661098,864.672093,"{'vad_aggressiveness': 3, 'min_chunk_duration': 1.0, 'max_chunk_duration': 5.0}",,False,2025-09-14T22:45:35.991457
72a8351c-81b4-4f49-b080-cfff38a22a1f,/Users/thun/Desktop/pan-sea/voice-scraping-n-segmentation/data/temp/temp_audio_20250914_224418.wav,audio_for_training/voice64.wav,362,1783.37,2025-09-14T22:45:38.516732,2025-09-14T23:00:17.209895,878.693889,"{'vad_aggressiveness': 3, 'min_chunk_duration': 1.0, 'max_chunk_duration': 5.0}",,False,2025-09-14T22:45:38.516821
4851a8ff-7a5c-4e16-bb33-eee83af4f2eb,/Users/thun/Desktop/pan-sea/voice-scraping-n-segmentation/data/temp/temp_audio_20250914_224405.wav,audio_for_training/voice37.wav,864,4106.139999999999,2025-09-14T22:45:40.197951,2025-09-14T23:22:27.064784,2206.867052,"{'vad_aggressiveness': 3, 'min_chunk_duration': 1.0, 'max_chunk_duration': 5.0}",,False,2025-09-14T22:45:40.197985
932eed80-e5a0-4d6f-a18f-f5c2173d21c7,/Users/thun/Desktop/pan-sea/voice-scraping-n-segmentation/data/temp/temp_audio_20250914_224957.wav,audio_for_training/voice27.wav,630,2456.4699999999975,2025-09-14T22:50:25.435888,2025-09-14T23:11:53.716100,1288.280624,"{'vad_aggressiveness': 3, 'min_chunk_duration': 1.0, 'max_chunk_duration': 5.0}",,False,2025-09-14T22:50:25.436131
71276c4b-c5c5-423a-8a9a-0bce15f50871,/Users/thun/Desktop/pan-sea/voice-scraping-n-segmentation/data/temp/temp_audio_20250914_230216.wav,audio_for_training/voice48.wav,361,1768.9440625000002,2025-09-14T23:03:03.319405,2025-09-14T23:17:51.017797,887.698628,"{'vad_aggressiveness': 3, 'min_chunk_duration': 1.0, 'max_chunk_duration': 5.0}",,False,2025-09-14T23:03:03.319438
1ee1d637-de1d-40ac-addc-4e54e734f032,/Users/thun/Desktop/pan-sea/voice-scraping-n-segmentation/data/temp/temp_audio_20250914_230226.wav,audio_for_training/voice55.wav,362,1757.27,2025-09-14T23:03:07.088641,2025-09-14T23:18:07.301455,900.214357,"{'vad_aggressiveness': 3, 'min_chunk_duration': 1.0, 'max_chunk_duration': 5.0}",,False,2025-09-14T23:03:07.088858
c44aa18e-58c2-497b-a7a4-26629b7c62d8,/Users/thun/Desktop/pan-sea/voice-scraping-n-segmentation/data/temp/temp_audio_20250914_230232.wav,audio_for_training/voice65.wav,361,1776.6,2025-09-14T23:03:10.450516,2025-09-14T23:18:08.667798,898.217989,"{'vad_aggressiveness': 3, 'min_chunk_duration': 1.0, 'max_chunk_duration': 5.0}",,False,2025-09-14T23:03:10.450625
f9fd0534-57d0-400e-a9a5-a066cc22492f,/Users/thun/Desktop/pan-sea/voice-scraping-n-segmentation/data/temp/temp_audio_20250914_230512.wav,audio_for_training/voice19.wav,725,3570.48,2025-09-14T23:05:47.279281,2025-09-14T23:33:50.703916,1683.424792,"{'vad_aggressiveness': 3, 'min_chunk_duration': 1.0, 'max_chunk_duration': 5.0}",,False,2025-09-14T23:05:47.279334
a8c58fc0-cd4e-4d0a-b83f-036214780409,/Users/thun/Desktop/pan-sea/voice-scraping-n-segmentation/data/temp/temp_audio_20250914_231245.wav,audio_for_training/voice28.wav,631,2464.7999999999975,2025-09-14T23:13:13.962239,2025-09-14T23:35:04.511716,1310.549825,"{'vad_aggressiveness': 3, 'min_chunk_duration': 1.0, 'max_chunk_duration': 5.0}",,False,2025-09-14T23:13:13.962287
f855fc19-0631-464b-8173-260065cdd515,/Users/thun/Desktop/pan-sea/voice-scraping-n-segmentation/data/temp/temp_audio_20250914_231758.wav,audio_for_training/voice49.wav,425,2068.76,2025-09-14T23:18:58.426440,2025-09-14T23:36:07.180794,1028.754701,"{'vad_aggressiveness': 3, 'min_chunk_duration': 1.0, 'max_chunk_duration': 5.0}",,False,2025-09-14T23:18:58.426508
96837629-7cdb-44ff-82d5-bca4f8733e28,/Users/thun/Desktop/pan-sea/voice-scraping-n-segmentation/data/temp/temp_audio_20250914_232039.wav,audio_for_training/voice66.wav,360,1792.28,2025-09-14T23:21:28.780195,2025-09-14T23:36:50.700914,921.921351,"{'vad_aggressiveness': 3, 'min_chunk_duration': 1.0, 'max_chunk_duration': 5.0}",,False,2025-09-14T23:21:28.780569
437eaaf6-c90a-41d8-9dff-f4312b45e6d7,/Users/thun/Desktop/pan-sea/voice-scraping-n-segmentation/data/temp/temp_audio_20250914_232035.wav,audio_for_training/voice56.wav,361,1783.4600000000005,2025-09-14T23:21:31.215679,2025-09-14T23:36:42.185173,910.969934,"{'vad_aggressiveness': 3, 'min_chunk_duration': 1.0, 'max_chunk_duration': 5.0}",,False,2025-09-14T23:21:31.216368
6d732e1f-1e9e-49f8-bd08-ffcbe77211e2,/Users/thun/Desktop/pan-sea/voice-scraping-n-segmentation/data/temp/temp_audio_20250914_232354.wav,audio_for_training/voice38.wav,799,3701.7699999999945,2025-09-14T23:24:56.560065,2025-09-14T23:59:33.787980,2077.228497,"{'vad_aggressiveness': 3, 'min_chunk_duration': 1.0, 'max_chunk_duration': 5.0}",,False,2025-09-14T23:24:56.560985
fd67f8af-17a2-4f6a-8f49-fbe2ce94c873,/Users/thun/Desktop/pan-sea/voice-scraping-n-segmentation/data/temp/temp_audio_20250914_233422.wav,audio_for_training/voice20.wav,359,1781.81,2025-09-14T23:34:40.905266,2025-09-14T23:48:32.870716,831.965824,"{'vad_aggressiveness': 3, 'min_chunk_duration': 1.0, 'max_chunk_duration': 5.0}",,False,2025-09-14T23:34:40.905335
fb08dd76-6953-4b30-9911-a504953db219,/Users/thun/Desktop/pan-sea/voice-scraping-n-segmentation/data/temp/temp_audio_20250914_233511.wav,audio_for_training/voice29.wav,598,2341.1299999999974,2025-09-14T23:35:39.414051,2025-09-14T23:56:50.096639,1270.682866,"{'vad_aggressiveness': 3, 'min_chunk_duration': 1.0, 'max_chunk_duration': 5.0}",,False,2025-09-14T23:35:39.414099
9c290079-2973-4b16-b800-95f590c487a2,/Users/thun/Desktop/pan-sea/voice-scraping-n-segmentation/data/temp/temp_audio_20250914_234043.wav,audio_for_training/voice50.wav,367,1766.6400000000003,2025-09-14T23:41:26.447776,2025-09-14T23:55:59.921227,873.47403,"{'vad_aggressiveness': 3, 'min_chunk_duration': 1.0, 'max_chunk_duration': 5.0}",,False,2025-09-14T23:41:26.447872
2405ae90-b0c0-4291-a748-6ae02611375b,/Users/thun/Desktop/pan-sea/voice-scraping-n-segmentation/data/temp/temp_audio_20250914_234051.wav,audio_for_training/voice57.wav,366,1773.9000000000003,2025-09-14T23:41:39.870975,2025-09-14T23:56:45.125624,905.255901,"{'vad_aggressiveness': 3, 'min_chunk_duration': 1.0, 'max_chunk_duration': 5.0}",,False,2025-09-14T23:41:39.871114
017dbd8d-cde2-4fb2-acab-7792c51bc565,/Users/thun/Desktop/pan-sea/voice-scraping-n-segmentation/data/temp/temp_audio_20250914_234057.wav,audio_for_training/voice67.wav,716,3551.4299999999994,2025-09-14T23:41:54.112741,2025-09-15T00:11:07.266806,1753.154385,"{'vad_aggressiveness': 3, 'min_chunk_duration': 1.0, 'max_chunk_duration': 5.0}",,False,2025-09-14T23:41:54.112783
a45d33ec-edd6-4efc-8636-1c73b048a26a,/Users/thun/Desktop/pan-sea/voice-scraping-n-segmentation/data/temp/temp_audio_20250914_235148.wav,audio_for_training/voice71.wav,753,3048.869999999996,2025-09-14T23:52:22.877158,2025-09-15T00:18:11.591784,1548.714917,"{'vad_aggressiveness': 3, 'min_chunk_duration': 1.0, 'max_chunk_duration': 5.0}",,False,2025-09-14T23:52:22.877214
c95a072a-565d-49d6-a4f0-9334a7b494b0,/Users/thun/Desktop/pan-sea/voice-scraping-n-segmentation/data/temp/temp_audio_20250914_235624.wav,audio_for_training/voice81.wav,483,2288.01,2025-09-14T23:56:47.393245,2025-09-15T00:15:21.073806,1113.680809,"{'vad_aggressiveness': 3, 'min_chunk_duration': 1.0, 'max_chunk_duration': 5.0}",,False,2025-09-14T23:56:47.394405
045394d0-8baf-4da7-9409-53a82d0fcba1,/Users/thun/Desktop/pan-sea/voice-scraping-n-segmentation/data/temp/temp_audio_20250914_235959.wav,audio_for_training/voice58.wav,360,1778.16,2025-09-15T00:00:44.743152,2025-09-15T00:15:26.252442,881.510525,"{'vad_aggressiveness': 3, 'min_chunk_duration': 1.0, 'max_chunk_duration': 5.0}",,False,2025-09-15T00:00:44.743682
572f8a96-7d84-4589-8666-78802a07faeb,/Users/thun/Desktop/pan-sea/voice-scraping-n-segmentation/data/temp/temp_audio_20250915_000009.wav,audio_for_training/voice30.wav,632,2467.939999999998,2025-09-15T00:01:23.224301,2025-09-15T00:22:52.135423,1288.911574,"{'vad_aggressiveness': 3, 'min_chunk_duration': 1.0, 'max_chunk_duration': 5.0}",,False,2025-09-15T00:01:23.224375
6dec38b9-2836-4885-9033-2bc80a3006f8,/Users/thun/Desktop/pan-sea/voice-scraping-n-segmentation/data/temp/temp_audio_20250915_000015.wav,audio_for_training/voice39.wav,794,3714.66,2025-09-15T00:01:24.188244,2025-09-15T00:32:15.557061,1851.368966,"{'vad_aggressiveness': 3, 'min_chunk_duration': 1.0, 'max_chunk_duration': 5.0}",,False,2025-09-15T00:01:24.189301
f53e7a45-bb1e-46d3-b086-34a0d1a3ade7,/Users/thun/Desktop/pan-sea/voice-scraping-n-segmentation/data/temp/temp_audio_20250915_001218.wav,audio_for_training/voice68.wav,362,1786.6400000000003,2025-09-15T00:12:39.399962,2025-09-15T00:27:04.774206,865.37473,"{'vad_aggressiveness': 3, 'min_chunk_duration': 1.0, 'max_chunk_duration': 5.0}",,False,2025-09-15T00:12:39.400033
ae5dc2cc-d62f-471d-97c5-7c1a0545e2ae,/Users/thun/Desktop/pan-sea/voice-scraping-n-segmentation/data/temp/temp_audio_20250915_001716.wav,audio_for_training/voice82.wav,472,2331.34,2025-09-15T00:17:54.835787,2025-09-15T00:37:22.705017,1167.870006,"{'vad_aggressiveness': 3, 'min_chunk_duration': 1.0, 'max_chunk_duration': 5.0}",,False,2025-09-15T00:17:54.836112
efcb274c-7a85-4349-90da-1af3592cd8ad,/Users/thun/Desktop/pan-sea/voice-scraping-n-segmentation/data/temp/temp_audio_20250915_001725.wav,audio_for_training/voice59.wav,363,1767.05,2025-09-15T00:17:58.399882,2025-09-15T00:31:51.458155,833.058533,"{'vad_aggressiveness': 3, 'min_chunk_duration': 1.0, 'max_chunk_duration': 5.0}",,False,2025-09-15T00:17:58.399934
52cbac8a-a3b0-44f9-b4c2-3ed001599f65,/Users/thun/Desktop/pan-sea/voice-scraping-n-segmentation/data/temp/temp_audio_20250915_002047.wav,audio_for_training/voice72.wav,1237,5409.069999999997,2025-09-15T00:21:42.065141,2025-09-15T01:06:02.916206,2660.851136,"{'vad_aggressiveness': 3, 'min_chunk_duration': 1.0, 'max_chunk_duration': 5.0}",,False,2025-09-15T00:21:42.065168
8b740142-50f9-4543-badc-371464d7a56a,/Users/thun/Desktop/pan-sea/voice-scraping-n-segmentation/data/temp/temp_audio_20250915_002723.wav,audio_for_training/voice75.wav,365,1778.89,2025-09-15T00:28:13.861242,2025-09-15T00:41:51.909275,818.048854,"{'vad_aggressiveness': 3, 'min_chunk_duration': 1.0, 'max_chunk_duration': 5.0}",,False,2025-09-15T00:28:13.861435
11118e2f-5e81-4f8c-b389-8bd714d9e990,/Users/thun/Desktop/pan-sea/voice-scraping-n-segmentation/data/temp/temp_audio_20250915_002710.wav,audio_for_training/voice85.wav,1101,5250.659999999998,2025-09-15T00:28:22.672385,2025-09-15T01:10:29.926528,2527.254396,"{'vad_aggressiveness': 3, 'min_chunk_duration': 1.0, 'max_chunk_duration': 5.0}",,False,2025-09-15T00:28:22.672435
3dc035e9-ae65-4013-9af6-a21219b12a6e,/Users/thun/Desktop/pan-sea/voice-scraping-n-segmentation/data/temp/temp_audio_20250915_003650.wav,audio_for_training/voice40.wav,465,2318.05,2025-09-15T00:37:15.580953,2025-09-15T00:56:05.149914,1129.569096,"{'vad_aggressiveness': 3, 'min_chunk_duration': 1.0, 'max_chunk_duration': 5.0}",,False,2025-09-15T00:37:15.580991
2aec877e-62f1-4a1f-8704-c07f431cca16,/Users/thun/Desktop/pan-sea/voice-scraping-n-segmentation/data/temp/temp_audio_20250915_004032.wav,audio_for_training/voice60.wav,362,1776.08,2025-09-15T00:41:11.829627,2025-09-15T00:55:04.321834,832.492408,"{'vad_aggressiveness': 3, 'min_chunk_duration': 1.0, 'max_chunk_duration': 5.0}",,False,2025-09-15T00:41:11.830834
f71d69cb-a6a8-4404-8fb5-8983f6fed280,/Users/thun/Desktop/pan-sea/voice-scraping-n-segmentation/data/temp/temp_audio_20250915_004021.wav,audio_for_training/voice83.wav,684,3149.2600000000007,2025-09-15T00:41:11.936244,2025-09-15T01:06:14.486273,1502.550371,"{'vad_aggressiveness': 3, 'min_chunk_duration': 1.0, 'max_chunk_duration': 5.0}",,False,2025-09-15T00:41:11.936303
6a66e1ba-7c40-45b1-beb9-7663c1b3262d,/Users/thun/Desktop/pan-sea/voice-scraping-n-segmentation/data/temp/temp_audio_20250915_004601.wav,audio_for_training/voice76.wav,357,1771.27,2025-09-15T00:46:19.930030,2025-09-15T00:59:34.036732,794.107657,"{'vad_aggressiveness': 3, 'min_chunk_duration': 1.0, 'max_chunk_duration': 5.0}",,False,2025-09-15T00:46:19.930092
42f7509a-a892-4888-9f55-c5223c66b97a,/Users/thun/Desktop/pan-sea/voice-scraping-n-segmentation/data/temp/temp_audio_20250915_005626.wav,audio_for_training/voice88.wav,362,1751.0,2025-09-15T00:56:45.113452,2025-09-15T01:09:49.845256,784.731972,"{'vad_aggressiveness': 3, 'min_chunk_duration': 1.0, 'max_chunk_duration': 5.0}",,False,2025-09-15T00:56:45.113487
189179c4-bd9b-49ae-900a-271b65d87449,/Users/thun/Desktop/pan-sea/voice-scraping-n-segmentation/data/temp/temp_audio_20250915_005646.wav,audio_for_training/voice78.wav,363,1768.0199999999995,2025-09-15T00:57:05.043286,2025-09-15T01:10:19.865974,794.823147,"{'vad_aggressiveness': 3, 'min_chunk_duration': 1.0, 'max_chunk_duration': 5.0}",,False,2025-09-15T00:57:05.044047
161b04bd-c5fb-40e5-97b2-e81c7176d22c,/Users/thun/Desktop/pan-sea/voice-scraping-n-segmentation/data/temp/temp_audio_20250915_010037.wav,audio_for_training/voice77.wav,362,1763.07,2025-09-15T01:00:57.404403,2025-09-15T01:14:29.920139,812.516569,"{'vad_aggressiveness': 3, 'min_chunk_duration': 1.0, 'max_chunk_duration': 5.0}",,False,2025-09-15T01:00:57.404500
c71399f5-a753-4010-90bb-00edf4c12df0,/Users/thun/Desktop/pan-sea/voice-scraping-n-segmentation/data/temp/temp_audio_20250915_010632.wav,audio_for_training/voice73.wav,943,4553.24,2025-09-15T01:07:18.310794,2025-09-15T01:42:24.432847,2106.12245,"{'vad_aggressiveness': 3, 'min_chunk_duration': 1.0, 'max_chunk_duration': 5.0}",,False,2025-09-15T01:07:18.310938
af5daa8e-fcbd-43ba-973e-58007b99a934,/Users/thun/Desktop/pan-sea/voice-scraping-n-segmentation/data/temp/temp_audio_20250915_010819.wav,audio_for_training/voice84.wav,647,3068.480000000002,2025-09-15T01:08:49.412999,2025-09-15T01:32:34.890705,1425.478671,"{'vad_aggressiveness': 3, 'min_chunk_duration': 1.0, 'max_chunk_duration': 5.0}",,False,2025-09-15T01:08:49.413734
270b0d58-df6c-43cc-842d-cbc2efed6e92,/Users/thun/Desktop/pan-sea/voice-scraping-n-segmentation/data/temp/temp_audio_20250915_011030.wav,audio_for_training/voice79.wav,360,1770.89,2025-09-15T01:10:46.677420,2025-09-15T01:24:05.850973,799.173945,"{'vad_aggressiveness': 3, 'min_chunk_duration': 1.0, 'max_chunk_duration': 5.0}",,False,2025-09-15T01:10:46.677486
2dacfe24-dfeb-4cdd-8414-c38370d76828,/Users/thun/Desktop/pan-sea/voice-scraping-n-segmentation/data/temp/temp_audio_20250915_011058.wav,audio_for_training/voice86.wav,365,1765.79,2025-09-15T01:11:28.806080,2025-09-15T01:24:23.882576,775.076866,"{'vad_aggressiveness': 3, 'min_chunk_duration': 1.0, 'max_chunk_duration': 5.0}",,False,2025-09-15T01:11:28.806560
f6323c44-753d-43b7-a306-0d0fc9c8cdd3,/Users/thun/Desktop/pan-sea/voice-scraping-n-segmentation/data/temp/temp_audio_20250915_011106.wav,audio_for_training/voice89.wav,365,1767.0,2025-09-15T01:11:32.932980,2025-09-15T01:24:29.857604,776.925142,"{'vad_aggressiveness': 3, 'min_chunk_duration': 1.0, 'max_chunk_duration': 5.0}",,False,2025-09-15T01:11:32.933351
cf72c2c8-460c-47e6-a5a0-71fbd2430e32,/Users/thun/Desktop/pan-sea/voice-scraping-n-segmentation/data/temp/temp_audio_20250915_011451.wav,audio_for_training/voice90.wav,363,1754.3300000000004,2025-09-15T01:15:10.873260,2025-09-15T01:27:54.631961,763.759142,"{'vad_aggressiveness': 3, 'min_chunk_duration': 1.0, 'max_chunk_duration': 5.0}",,False,2025-09-15T01:15:10.873318
8747d999-46e4-4697-b03d-fd413e7be23f,/Users/thun/Desktop/pan-sea/voice-scraping-n-segmentation/data/temp/temp_audio_20250915_012419.wav,audio_for_training/voice74.wav,774,3796.73,2025-09-15T01:25:01.880909,2025-09-15T01:52:08.804880,1626.924234,"{'vad_aggressiveness': 3, 'min_chunk_duration': 1.0, 'max_chunk_duration': 5.0}",,False,2025-09-15T01:25:01.880969
16ca5e9f-f953-4079-8ac9-c9dd7b9c192e,/Users/thun/Desktop/pan-sea/voice-scraping-n-segmentation/data/temp/temp_audio_20250915_012526.wav,audio_for_training/voice101.wav,421,2085.92,2025-09-15T01:26:12.483497,2025-09-15T01:41:49.225300,936.742214,"{'vad_aggressiveness': 3, 'min_chunk_duration': 1.0, 'max_chunk_duration': 5.0}",,False,2025-09-15T01:26:12.483568
bb0f6a26-a3a8-42a5-ac9c-bbd805291859,/Users/thun/Desktop/pan-sea/voice-scraping-n-segmentation/data/temp/temp_audio_20250915_012529.wav,audio_for_training/voice91.wav,2602,11572.162874999987,2025-09-15T01:27:14.501703,2025-09-15T02:39:36.133380,4341.632299,"{'vad_aggressiveness': 3, 'min_chunk_duration': 1.0, 'max_chunk_duration': 5.0}",,False,2025-09-15T01:27:14.502273
99987d22-bc0c-4be6-8429-c26051fec18c,/Users/thun/Desktop/pan-sea/voice-scraping-n-segmentation/data/temp/temp_audio_20250915_085101.wav,audio_for_training/voice121.wav,385,1503.1599999999985,2025-09-15T08:52:18.150662,2025-09-15T09:05:54.355675,816.20622,"{'vad_aggressiveness': 3, 'min_chunk_duration': 1.0, 'max_chunk_duration': 5.0}",,False,2025-09-15T08:52:18.150763
d4dffc7a-3d82-4dcd-96b2-35be33ed25fc,/Users/thun/Desktop/pan-sea/voice-scraping-n-segmentation/data/temp/temp_audio_20250915_085132.wav,audio_for_training/voice140.wav,192,889.4699999999999,2025-09-15T08:52:36.523874,2025-09-15T09:00:25.168133,468.6453,"{'vad_aggressiveness': 3, 'min_chunk_duration': 1.0, 'max_chunk_duration': 5.0}",,False,2025-09-15T08:52:36.526163
a915f6d9-d123-497a-bbb7-7455a3531748,/Users/thun/Desktop/pan-sea/voice-scraping-n-segmentation/data/temp/temp_audio_20250915_085050.wav,audio_for_training/voice111.wav,327,1409.8700000000003,2025-09-15T08:52:48.684772,2025-09-15T09:05:06.944761,738.261183,"{'vad_aggressiveness': 3, 'min_chunk_duration': 1.0, 'max_chunk_duration': 5.0}",,False,2025-09-15T08:52:48.685760
6c93d9cc-e4d3-4cfd-ba00-68d1a4c7ff49,/Users/thun/Desktop/pan-sea/voice-scraping-n-segmentation/data/temp/temp_audio_20250915_085021.wav,audio_for_training/voice92.wav,2563,10031.509999999997,2025-09-15T08:52:52.547655,2025-09-15T10:16:43.624478,5031.077711,"{'vad_aggressiveness': 3, 'min_chunk_duration': 1.0, 'max_chunk_duration': 5.0}",,False,2025-09-15T08:52:52.548218
c241d662-5eec-4227-bc84-6c38f3ac5427,/Users/thun/Desktop/pan-sea/voice-scraping-n-segmentation/data/temp/temp_audio_20250915_085036.wav,audio_for_training/voice102.wav,420,2079.5699999999997,2025-09-15T08:52:53.841925,2025-09-15T09:11:24.626192,1110.787562,"{'vad_aggressiveness': 3, 'min_chunk_duration': 1.0, 'max_chunk_duration': 5.0}",,False,2025-09-15T08:52:53.843577
063a1f76-575e-4edd-bcd5-8ef3edd89f93,/Users/thun/Desktop/pan-sea/voice-scraping-n-segmentation/data/temp/temp_audio_20250915_085114.wav,audio_for_training/voice131.wav,882,3506.890000000001,2025-09-15T08:52:53.888276,2025-09-15T09:25:38.557800,1964.670687,"{'vad_aggressiveness': 3, 'min_chunk_duration': 1.0, 'max_chunk_duration': 5.0}",,False,2025-09-15T08:52:53.889874
ec1833f1-736d-4c52-b2b6-99f6aa7f991d,/Users/thun/Desktop/pan-sea/voice-scraping-n-segmentation/data/temp/temp_audio_20250915_090729.wav,audio_for_training/voice112.wav,326,1408.7800000000009,2025-09-15T09:08:41.358375,2025-09-15T09:20:27.621298,706.264748,"{'vad_aggressiveness': 3, 'min_chunk_duration': 1.0, 'max_chunk_duration': 5.0}",,False,2025-09-15T09:08:41.359238
17cff5d3-5df2-4dd2-8e31-a1340817e213,/Users/thun/Desktop/pan-sea/voice-scraping-n-segmentation/data/temp/temp_audio_20250915_090734.wav,audio_for_training/voice122.wav,386,1506.4899999999984,2025-09-15T09:08:42.232854,2025-09-15T09:22:32.399220,830.166595,"{'vad_aggressiveness': 3, 'min_chunk_duration': 1.0, 'max_chunk_duration': 5.0}",,False,2025-09-15T09:08:42.233100
dc517e77-89f2-479d-8958-14e5f42dfc54,/Users/thun/Desktop/pan-sea/voice-scraping-n-segmentation/data/temp/temp_audio_20250915_090657.wav,audio_for_training/voice139.wav,2527,10564.479999999996,2025-09-15T09:08:43.882031,2025-09-15T10:42:14.224702,5610.342899,"{'vad_aggressiveness': 3, 'min_chunk_duration': 1.0, 'max_chunk_duration': 5.0}",,False,2025-09-15T09:08:43.882306
07d779cb-2f10-4f49-a13d-bd9809cededc,/Users/thun/Desktop/pan-sea/voice-scraping-n-segmentation/data/temp/temp_audio_20250915_091325.wav,audio_for_training/voice103.wav,420,2079.5399999999995,2025-09-15T09:13:40.902921,2025-09-15T09:32:16.054462,1115.151981,"{'vad_aggressiveness': 3, 'min_chunk_duration': 1.0, 'max_chunk_duration': 5.0}",,False,2025-09-15T09:13:40.902986
6fd420db-da53-4b60-bdd5-5c181e27096f,/Users/thun/Desktop/pan-sea/voice-scraping-n-segmentation/data/temp/temp_audio_20250915_092110.wav,audio_for_training/voice113.wav,326,1408.7800000000009,2025-09-15T09:21:23.700573,2025-09-15T09:33:14.378894,710.6785,"{'vad_aggressiveness': 3, 'min_chunk_duration': 1.0, 'max_chunk_duration': 5.0}",,False,2025-09-15T09:21:23.700775
fce04b7b-1459-4b75-9af3-5c257832ee2e,/Users/thun/Desktop/pan-sea/voice-scraping-n-segmentation/data/temp/temp_audio_20250915_093423.wav,audio_for_training/voice132.wav,893,3561.910000000001,2025-09-15T09:35:17.934583,2025-09-15T10:08:38.833032,2000.899201,"{'vad_aggressiveness': 3, 'min_chunk_duration': 1.0, 'max_chunk_duration': 5.0}",,False,2025-09-15T09:35:17.935068
5792ee7f-8e7f-4d5f-a0ca-6c3cdd1419fb,/Users/thun/Desktop/pan-sea/voice-scraping-n-segmentation/data/temp/temp_audio_20250915_093439.wav,audio_for_training/voice114.wav,326,1408.7800000000009,2025-09-15T09:35:20.021363,2025-09-15T09:47:07.112438,707.091377,"{'vad_aggressiveness': 3, 'min_chunk_duration': 1.0, 'max_chunk_duration': 5.0}",,False,2025-09-15T09:35:20.021393
d3e91856-cc29-41af-9094-578e455ce861,/Users/thun/Desktop/pan-sea/voice-scraping-n-segmentation/data/temp/temp_audio_20250915_093429.wav,audio_for_training/voice104.wav,420,2079.5399999999995,2025-09-15T09:35:20.155957,2025-09-15T09:54:16.624579,1136.472161,"{'vad_aggressiveness': 3, 'min_chunk_duration': 1.0, 'max_chunk_duration': 5.0}",,False,2025-09-15T09:35:20.156064
1c3a26b1-84a9-463f-9447-23a8c8245ee8,/Users/thun/Desktop/pan-sea/voice-scraping-n-segmentation/data/temp/temp_audio_20250915_093551.wav,audio_for_training/voice123.wav,297,1416.5299999999995,2025-09-15T09:36:02.602534,2025-09-15T09:48:41.304637,758.702419,"{'vad_aggressiveness': 3, 'min_chunk_duration': 1.0, 'max_chunk_duration': 5.0}",,False,2025-09-15T09:36:02.602584
989fb5b2-cb44-441d-8215-1a3bfe7cce94,/Users/thun/Desktop/pan-sea/voice-scraping-n-segmentation/data/temp/temp_audio_20250915_095145.wav,audio_for_training/voice115.wav,361,1377.9999999999989,2025-09-15T09:52:03.840902,2025-09-15T10:04:28.781187,744.941432,"{'vad_aggressiveness': 3, 'min_chunk_duration': 1.0, 'max_chunk_duration': 5.0}",,False,2025-09-15T09:52:03.840999
988c405c-1cf4-460f-8e72-7116c014a6c2,/Users/thun/Desktop/pan-sea/voice-scraping-n-segmentation/data/temp/temp_audio_20250915_095151.wav,audio_for_training/voice124.wav,189,890.03,2025-09-15T09:52:07.782605,2025-09-15T10:00:19.477844,491.695584,"{'vad_aggressiveness': 3, 'min_chunk_duration': 1.0, 'max_chunk_duration': 5.0}",,False,2025-09-15T09:52:07.783325
679f5ad3-b44a-4526-ba94-ea5fd5d1d4f5,/Users/thun/Desktop/pan-sea/voice-scraping-n-segmentation/data/temp/temp_audio_20250915_101311.wav,audio_for_training/voice125.wav,189,890.3900000000001,2025-09-15T10:13:17.973261,2025-09-15T10:21:09.383532,471.410732,"{'vad_aggressiveness': 3, 'min_chunk_duration': 1.0, 'max_chunk_duration': 5.0}",,False,2025-09-15T10:13:17.973329
7ede95a8-1321-4650-931c-d7ad31812c85,/Users/thun/Desktop/pan-sea/voice-scraping-n-segmentation/data/temp/temp_audio_20250915_101317.wav,audio_for_training/voice133.wav,853,3389.160000000002,2025-09-15T10:14:11.603033,2025-09-15T10:46:27.573741,1935.971705,"{'vad_aggressiveness': 3, 'min_chunk_duration': 1.0, 'max_chunk_duration': 5.0}",,False,2025-09-15T10:14:11.603135
89df852c-1d9e-471f-9966-8db04d1572b6,/Users/thun/Desktop/pan-sea/voice-scraping-n-segmentation/data/temp/temp_audio_20250915_101328.wav,audio_for_training/voice105.wav,420,2079.5399999999995,2025-09-15T10:14:12.306762,2025-09-15T10:33:36.544056,1164.237473,"{'vad_aggressiveness': 3, 'min_chunk_duration': 1.0, 'max_chunk_duration': 5.0}",,False,2025-09-15T10:14:12.307021
5f0a375f-4715-4876-84c6-938866eb8113,/Users/thun/Desktop/pan-sea/voice-scraping-n-segmentation/data/temp/temp_audio_20250915_101336.wav,audio_for_training/voice116.wav,386,1493.0599999999984,2025-09-15T10:14:13.376772,2025-09-15T10:27:23.249356,789.873572,"{'vad_aggressiveness': 3, 'min_chunk_duration': 1.0, 'max_chunk_duration': 5.0}",,False,2025-09-15T10:14:13.376821
3c03afb0-7fc3-4c31-ae05-3eed43240363,/Users/thun/Desktop/pan-sea/voice-scraping-n-segmentation/data/temp/temp_audio_20250915_101746.wav,audio_for_training/voice93.wav,446,1970.6799999999992,2025-09-15T10:18:02.107962,2025-09-15T10:35:12.107110,1029.999486,"{'vad_aggressiveness': 3, 'min_chunk_duration': 1.0, 'max_chunk_duration': 5.0}",,False,2025-09-15T10:18:02.108026
ee98e935-31ce-47f5-ad96-1fca27c4b5fe,/Users/thun/Desktop/pan-sea/voice-scraping-n-segmentation/data/temp/temp_audio_20250915_103915.wav,audio_for_training/voice94.wav,397,1756.4900000000011,2025-09-15T10:39:49.746524,2025-09-15T10:56:49.827448,1020.081261,"{'vad_aggressiveness': 3, 'min_chunk_duration': 1.0, 'max_chunk_duration': 5.0}",,False,2025-09-15T10:39:49.746597
95817779-1153-44af-85d0-5d580aa61f02,/Users/thun/Desktop/pan-sea/voice-scraping-n-segmentation/data/temp/temp_audio_20250915_103926.wav,audio_for_training/voice117.wav,386,1493.5999999999983,2025-09-15T10:39:56.001838,2025-09-15T10:53:13.835100,797.834835,"{'vad_aggressiveness': 3, 'min_chunk_duration': 1.0, 'max_chunk_duration': 5.0}",,False,2025-09-15T10:39:56.001945
589e2796-6f08-4952-b8b0-a1d0170344f8,/Users/thun/Desktop/pan-sea/voice-scraping-n-segmentation/data/temp/temp_audio_20250915_103931.wav,audio_for_training/voice126.wav,189,890.3900000000001,2025-09-15T10:39:57.060798,2025-09-15T10:48:15.900736,498.840411,"{'vad_aggressiveness': 3, 'min_chunk_duration': 1.0, 'max_chunk_duration': 5.0}",,False,2025-09-15T10:39:57.060961
0a534b9c-4a8c-43a3-b255-7859951929cd,/Users/thun/Desktop/pan-sea/voice-scraping-n-segmentation/data/temp/temp_audio_20250915_103920.wav,audio_for_training/voice106.wav,420,2079.5399999999995,2025-09-15T10:40:02.136846,2025-09-15T11:00:41.083012,1238.946846,"{'vad_aggressiveness': 3, 'min_chunk_duration': 1.0, 'max_chunk_duration': 5.0}",,False,2025-09-15T10:40:02.137133
8d851264-bff5-47e2-a165-133fb78b8375,/Users/thun/Desktop/pan-sea/voice-scraping-n-segmentation/data/temp/temp_audio_20250915_105302.wav,audio_for_training/voice127.wav,189,890.3900000000001,2025-09-15T10:53:32.255154,2025-09-15T11:02:01.409732,509.155553,"{'vad_aggressiveness': 3, 'min_chunk_duration': 1.0, 'max_chunk_duration': 5.0}",,False,2025-09-15T10:53:32.255657
d7af6aae-06fb-4fd8-8e9c-ac08b05594b9,/Users/thun/Desktop/pan-sea/voice-scraping-n-segmentation/data/temp/temp_audio_20250915_105243.wav,audio_for_training/voice134.wav,825,3271.0899999999983,2025-09-15T10:53:57.986565,2025-09-15T11:28:49.876043,2091.890751,"{'vad_aggressiveness': 3, 'min_chunk_duration': 1.0, 'max_chunk_duration': 5.0}",,False,2025-09-15T10:53:57.986967
2ee942d1-da3a-4295-97ca-f73958f27aff,/Users/thun/Desktop/pan-sea/voice-scraping-n-segmentation/data/temp/temp_audio_20250915_105254.wav,audio_for_training/voice138.wav,1736,8260.199999999999,2025-09-15T10:54:18.670740,2025-09-15T12:14:48.808212,4830.138423,"{'vad_aggressiveness': 3, 'min_chunk_duration': 1.0, 'max_chunk_duration': 5.0}",,False,2025-09-15T10:54:18.671293
712f9835-37f0-4ea6-91aa-7b7c555af334,/Users/thun/Desktop/pan-sea/voice-scraping-n-segmentation/data/temp/temp_audio_20250915_110801.wav,audio_for_training/voice107.wav,225,856.4599999999995,2025-09-15T11:08:30.634574,2025-09-15T11:16:52.855309,502.221382,"{'vad_aggressiveness': 3, 'min_chunk_duration': 1.0, 'max_chunk_duration': 5.0}",,False,2025-09-15T11:08:30.635030
20dbc22d-9b3d-40fa-bce0-ab06bd9f0111,/Users/thun/Desktop/pan-sea/voice-scraping-n-segmentation/data/temp/temp_audio_20250915_110807.wav,audio_for_training/voice128.wav,189,890.3900000000001,2025-09-15T11:08:32.640554,2025-09-15T11:17:06.108435,513.468653,"{'vad_aggressiveness': 3, 'min_chunk_duration': 1.0, 'max_chunk_duration': 5.0}",,False,2025-09-15T11:08:32.640631
12cdc92a-c149-4cf7-8de7-22b06f7a2304,/Users/thun/Desktop/pan-sea/voice-scraping-n-segmentation/data/temp/temp_audio_20250915_110756.wav,audio_for_training/voice95.wav,438,1930.1300000000003,2025-09-15T11:08:34.275847,2025-09-15T11:27:26.992772,1132.717813,"{'vad_aggressiveness': 3, 'min_chunk_duration': 1.0, 'max_chunk_duration': 5.0}",,False,2025-09-15T11:08:34.276060
30c96904-02db-4fa1-ad4e-bf3fe37d5624,/Users/thun/Desktop/pan-sea/voice-scraping-n-segmentation/data/temp/temp_audio_20250915_110813.wav,audio_for_training/voice118.wav,386,1493.5999999999983,2025-09-15T11:08:35.644627,2025-09-15T11:21:54.422678,798.778322,"{'vad_aggressiveness': 3, 'min_chunk_duration': 1.0, 'max_chunk_duration': 5.0}",,False,2025-09-15T11:08:35.644661
4daf17db-8252-4f1d-942c-59c5763011bd,/Users/thun/Desktop/pan-sea/voice-scraping-n-segmentation/data/temp/temp_audio_20250915_111805.wav,audio_for_training/voice129.wav,189,890.3900000000001,2025-09-15T11:18:19.668766,2025-09-15T11:26:59.988883,520.320635,"{'vad_aggressiveness': 3, 'min_chunk_duration': 1.0, 'max_chunk_duration': 5.0}",,False,2025-09-15T11:18:19.668886
9c262e4d-1c4b-47b0-8b5c-57f83e9ca948,/Users/thun/Desktop/pan-sea/voice-scraping-n-segmentation/data/temp/temp_audio_20250915_111759.wav,audio_for_training/voice108.wav,326,1398.8800000000003,2025-09-15T11:18:21.708466,2025-09-15T11:32:01.603117,819.895097,"{'vad_aggressiveness': 3, 'min_chunk_duration': 1.0, 'max_chunk_duration': 5.0}",,False,2025-09-15T11:18:21.708538
1f896869-4f3b-420a-8c1a-9b2df54fbff8,/Users/thun/Desktop/pan-sea/voice-scraping-n-segmentation/data/temp/temp_audio_20250915_112803.wav,audio_for_training/voice96.wav,438,1930.1300000000003,2025-09-15T11:28:39.341036,2025-09-15T11:46:17.215365,1057.874687,"{'vad_aggressiveness': 3, 'min_chunk_duration': 1.0, 'max_chunk_duration': 5.0}",,False,2025-09-15T11:28:39.341142
48320c25-9f92-4297-aa47-dab3e2d12ef8,/Users/thun/Desktop/pan-sea/voice-scraping-n-segmentation/data/temp/temp_audio_20250915_112809.wav,audio_for_training/voice119.wav,386,1493.5999999999983,2025-09-15T11:28:57.752054,2025-09-15T11:41:46.957069,769.206069,"{'vad_aggressiveness': 3, 'min_chunk_duration': 1.0, 'max_chunk_duration': 5.0}",,False,2025-09-15T11:28:57.752137
602fc51d-6b35-49b7-b91a-d34bd478e837,/Users/thun/Desktop/pan-sea/voice-scraping-n-segmentation/data/temp/temp_audio_20250915_112815.wav,audio_for_training/voice130.wav,829,3365.249999999996,2025-09-15T11:28:57.794356,2025-09-15T12:01:10.117986,1932.324263,"{'vad_aggressiveness': 3, 'min_chunk_duration': 1.0, 'max_chunk_duration': 5.0}",,False,2025-09-15T11:28:57.794441
6b91f7fa-846b-4147-b76e-139e76b191ad,/Users/thun/Desktop/pan-sea/voice-scraping-n-segmentation/data/temp/temp_audio_20250915_112949.wav,audio_for_training/voice135.wav,879,3528.2799999999984,2025-09-15T11:30:20.241254,2025-09-15T12:04:04.438976,2024.197968,"{'vad_aggressiveness': 3, 'min_chunk_duration': 1.0, 'max_chunk_duration': 5.0}",,False,2025-09-15T11:30:20.243047
01bfbad5-c9ba-4709-a734-b254f55e690c,/Users/thun/Desktop/pan-sea/voice-scraping-n-segmentation/data/temp/temp_audio_20250915_113321.wav,audio_for_training/voice109.wav,327,1406.3100000000002,2025-09-15T11:33:33.188920,2025-09-15T11:46:05.445779,752.257302,"{'vad_aggressiveness': 3, 'min_chunk_duration': 1.0, 'max_chunk_duration': 5.0}",,False,2025-09-15T11:33:33.188985
9c87862a-73d4-4b0d-b952-34506511795b,/Users/thun/Desktop/pan-sea/voice-scraping-n-segmentation/data/temp/temp_audio_20250915_114910.wav,audio_for_training/voice120.wav,386,1493.5999999999983,2025-09-15T11:49:48.773634,2025-09-15T12:02:42.158718,773.385496,"{'vad_aggressiveness': 3, 'min_chunk_duration': 1.0, 'max_chunk_duration': 5.0}",,False,2025-09-15T11:49:48.773689
90496a11-e1a6-4351-af38-dbc3859a38c9,/Users/thun/Desktop/pan-sea/voice-scraping-n-segmentation/data/temp/temp_audio_20250915_114918.wav,audio_for_training/voice97.wav,438,1930.1300000000003,2025-09-15T11:49:57.151568,2025-09-15T12:07:12.621893,1035.470845,"{'vad_aggressiveness': 3, 'min_chunk_duration': 1.0, 'max_chunk_duration': 5.0}",,False,2025-09-15T11:49:57.152145
2599cd5d-bf02-4b8c-9cc5-0da54faffd07,/Users/thun/Desktop/pan-sea/voice-scraping-n-segmentation/data/temp/temp_audio_20250915_114924.wav,audio_for_training/voice110.wav,327,1406.3100000000002,2025-09-15T11:49:57.674236,2025-09-15T12:02:54.944944,777.270881,"{'vad_aggressiveness': 3, 'min_chunk_duration': 1.0, 'max_chunk_duration': 5.0}",,False,2025-09-15T11:49:57.674694
5e50355f-10fc-457c-9ef6-223764ed619c,/Users/thun/Desktop/pan-sea/voice-scraping-n-segmentation/data/temp/temp_audio_20250915_120556.wav,audio_for_training/voice161.wav,384,1842.76,2025-09-15T12:06:52.259830,2025-09-15T12:22:52.357356,960.09793,"{'vad_aggressiveness': 3, 'min_chunk_duration': 1.0, 'max_chunk_duration': 5.0}",,False,2025-09-15T12:06:52.259901
72ab5cdb-13fc-400d-8cdc-707d568c5d13,/Users/thun/Desktop/pan-sea/voice-scraping-n-segmentation/data/temp/temp_audio_20250915_120535.wav,audio_for_training/voice151.wav,534,2195.3300000000013,2025-09-15T12:06:58.546262,2025-09-15T12:25:25.228004,1106.682322,"{'vad_aggressiveness': 3, 'min_chunk_duration': 1.0, 'max_chunk_duration': 5.0}",,False,2025-09-15T12:06:58.549231
754e1ce9-4f68-4410-bcc4-de3d7e2bfc54,/Users/thun/Desktop/pan-sea/voice-scraping-n-segmentation/data/temp/temp_audio_20250915_120512.wav,audio_for_training/voice136.wav,1384,6197.599999999993,2025-09-15T12:07:01.599243,2025-09-15T13:11:11.186460,3849.587728,"{'vad_aggressiveness': 3, 'min_chunk_duration': 1.0, 'max_chunk_duration': 5.0}",,False,2025-09-15T12:07:01.599314
9ca424ef-d4ac-4177-a83d-0dca65d82246,/Users/thun/Desktop/pan-sea/voice-scraping-n-segmentation/data/temp/temp_audio_20250915_120528.wav,audio_for_training/voice141.wav,629,2656.6400000000026,2025-09-15T12:07:03.600152,2025-09-15T12:30:06.750099,1383.151368,"{'vad_aggressiveness': 3, 'min_chunk_duration': 1.0, 'max_chunk_duration': 5.0}",,False,2025-09-15T12:07:03.601362
9cee5d52-71d1-4e99-9aaa-b22001f2230a,/Users/thun/Desktop/pan-sea/voice-scraping-n-segmentation/data/temp/temp_audio_20250915_120743.wav,audio_for_training/voice98.wav,133,571.7400000000001,2025-09-15T12:07:53.572916,2025-09-15T12:13:39.182527,345.609984,"{'vad_aggressiveness': 3, 'min_chunk_duration': 1.0, 'max_chunk_duration': 5.0}",,False,2025-09-15T12:07:53.573531
3e5ddfcf-f5ca-4540-9979-73a30c8cc04d,/Users/thun/Desktop/pan-sea/voice-scraping-n-segmentation/data/temp/temp_audio_20250915_122155.wav,audio_for_training/voice99.wav,421,2080.6699999999996,2025-09-15T12:22:16.507657,2025-09-15T12:42:44.334724,1227.827449,"{'vad_aggressiveness': 3, 'min_chunk_duration': 1.0, 'max_chunk_duration': 5.0}",,False,2025-09-15T12:22:16.508189
1f5ccc73-3d97-4298-aa08-71645c1d9704,/Users/thun/Desktop/pan-sea/voice-scraping-n-segmentation/data/temp/temp_audio_20250915_122205.wav,audio_for_training/voice137.wav,911,3564.189999999997,2025-09-15T12:22:41.629729,2025-09-15T12:58:51.860433,2170.230924,"{'vad_aggressiveness': 3, 'min_chunk_duration': 1.0, 'max_chunk_duration': 5.0}",,False,2025-09-15T12:22:41.629785
e301eda1-ca18-4c5f-b723-92413e1efde8,/Users/thun/Desktop/pan-sea/voice-scraping-n-segmentation/data/temp/temp_audio_20250915_122313.wav,audio_for_training/voice162.wav,390,1830.4200000000003,2025-09-15T12:23:27.899383,2025-09-15T12:40:14.717503,1006.818471,"{'vad_aggressiveness': 3, 'min_chunk_duration': 1.0, 'max_chunk_duration': 5.0}",,False,2025-09-15T12:23:27.899660
e86db0f0-c53f-474b-99d9-f44eee06e492,/Users/thun/Desktop/pan-sea/voice-scraping-n-segmentation/data/temp/temp_audio_20250915_123121.wav,audio_for_training/voice142.wav,535,2195.740000000001,2025-09-15T12:31:48.204706,2025-09-15T12:52:59.583659,1271.379402,"{'vad_aggressiveness': 3, 'min_chunk_duration': 1.0, 'max_chunk_duration': 5.0}",,False,2025-09-15T12:31:48.204776
56d8ff7c-e315-482c-951e-0f7ee566a8f7,/Users/thun/Desktop/pan-sea/voice-scraping-n-segmentation/data/temp/temp_audio_20250915_123116.wav,audio_for_training/voice152.wav,534,2195.390000000001,2025-09-15T12:31:48.247954,2025-09-15T12:50:10.656605,1102.409271,"{'vad_aggressiveness': 3, 'min_chunk_duration': 1.0, 'max_chunk_duration': 5.0}",,False,2025-09-15T12:31:48.248472
567aa3d8-da62-450a-8303-cb314947f945,/Users/thun/Desktop/pan-sea/voice-scraping-n-segmentation/data/temp/temp_audio_20250915_124139.wav,audio_for_training/voice163.wav,390,1830.4200000000003,2025-09-15T12:41:52.483284,2025-09-15T12:59:12.351496,1039.869076,"{'vad_aggressiveness': 3, 'min_chunk_duration': 1.0, 'max_chunk_duration': 5.0}",,False,2025-09-15T12:41:52.483359
f0e05bce-4b7d-4a17-8e81-3613bf1184bb,/Users/thun/Desktop/pan-sea/voice-scraping-n-segmentation/data/temp/temp_audio_20250915_124739.wav,audio_for_training/voice100.wav,421,2080.6699999999996,2025-09-15T12:47:52.214132,2025-09-15T13:08:54.386125,1262.172429,"{'vad_aggressiveness': 3, 'min_chunk_duration': 1.0, 'max_chunk_duration': 5.0}",,False,2025-09-15T12:47:52.214210
e741bd32-0f50-4b73-b8d9-01c9303730c7,/Users/thun/Desktop/pan-sea/voice-scraping-n-segmentation/data/temp/temp_audio_20250915_125445.wav,audio_for_training/voice153.wav,534,2195.390000000001,2025-09-15T12:55:15.887862,2025-09-15T13:13:49.297266,1113.409845,"{'vad_aggressiveness': 3, 'min_chunk_duration': 1.0, 'max_chunk_duration': 5.0}",,False,2025-09-15T12:55:15.887915
1da74a41-f8c5-4bd1-bff9-00f37c730d22,/Users/thun/Desktop/pan-sea/voice-scraping-n-segmentation/data/temp/temp_audio_20250915_125450.wav,audio_for_training/voice143.wav,535,2195.740000000001,2025-09-15T12:55:19.728918,2025-09-15T13:19:10.069008,1430.340652,"{'vad_aggressiveness': 3, 'min_chunk_duration': 1.0, 'max_chunk_duration': 5.0}",,False,2025-09-15T12:55:19.729532
c2fe8e21-b7df-442c-b4fb-bd1971aa53de,/Users/thun/Desktop/pan-sea/voice-scraping-n-segmentation/data/temp/temp_audio_20250915_125921.wav,audio_for_training/voice164.wav,390,1830.4200000000003,2025-09-15T12:59:33.543923,2025-09-15T13:20:28.443953,1254.900485,"{'vad_aggressiveness': 3, 'min_chunk_duration': 1.0, 'max_chunk_duration': 5.0}",,False,2025-09-15T12:59:33.543979
f6ee04a9-501c-4c7a-9260-4527ec08226e,/Users/thun/Desktop/pan-sea/voice-scraping-n-segmentation/data/temp/temp_audio_20250915_125938.wav,audio_for_training/voice171.wav,383,1841.0999999999997,2025-09-15T12:59:51.243509,2025-09-15T13:20:47.013964,1255.771291,"{'vad_aggressiveness': 3, 'min_chunk_duration': 1.0, 'max_chunk_duration': 5.0}",,False,2025-09-15T12:59:51.244413
b20e15c8-9a6b-4e3e-9895-bba97db92d30,/Users/thun/Desktop/pan-sea/voice-scraping-n-segmentation/data/temp/temp_audio_20250915_130944.wav,audio_for_training/voice180.wav,393,1823.14,2025-09-15T13:09:56.125357,2025-09-15T13:32:26.553770,1350.428826,"{'vad_aggressiveness': 3, 'min_chunk_duration': 1.0, 'max_chunk_duration': 5.0}",,False,2025-09-15T13:09:56.125424
7c637e95-f608-4232-b816-94cd62ecb4aa,/Users/thun/Desktop/pan-sea/voice-scraping-n-segmentation/data/temp/temp_audio_20250915_131146.wav,audio_for_training/voice137.wav,910,3587.6899999999973,2025-09-15T13:12:21.088096,2025-09-15T13:52:58.762345,2437.675689,"{'vad_aggressiveness': 3, 'min_chunk_duration': 1.0, 'max_chunk_duration': 5.0}",,False,2025-09-15T13:12:21.088603
01a47357-e136-4e15-8842-e84a1f6707c4,/Users/thun/Desktop/pan-sea/voice-scraping-n-segmentation/data/temp/temp_audio_20250915_131416.wav,audio_for_training/voice154.wav,534,2195.390000000001,2025-09-15T13:14:34.496286,2025-09-15T13:33:08.514998,1114.019181,"{'vad_aggressiveness': 3, 'min_chunk_duration': 1.0, 'max_chunk_duration': 5.0}",,False,2025-09-15T13:14:34.496354
6d700553-af6b-40af-ba40-a0d86d56bf5a,/Users/thun/Desktop/pan-sea/voice-scraping-n-segmentation/data/temp/temp_audio_20250915_131922.wav,audio_for_training/voice144.wav,535,2195.740000000001,2025-09-15T13:19:38.228917,2025-09-15T13:44:17.875748,1479.647079,"{'vad_aggressiveness': 3, 'min_chunk_duration': 1.0, 'max_chunk_duration': 5.0}",,False,2025-09-15T13:19:38.228948
be5fd1e0-c21d-4d21-90c5-8baf09ca5e5b,/Users/thun/Desktop/pan-sea/voice-scraping-n-segmentation/data/temp/temp_audio_20250915_132148.wav,audio_for_training/voice172.wav,389,1826.65,2025-09-15T13:22:01.410332,2025-09-15T13:40:44.517208,1123.10767,"{'vad_aggressiveness': 3, 'min_chunk_duration': 1.0, 'max_chunk_duration': 5.0}",,False,2025-09-15T13:22:01.411072
432627c8-1005-4419-bef4-f0b753fa7802,/Users/thun/Desktop/pan-sea/voice-scraping-n-segmentation/data/temp/temp_audio_20250915_132235.wav,audio_for_training/voice165.wav,390,1830.4200000000003,2025-09-15T13:22:48.694911,2025-09-15T13:41:07.979017,1099.284431,"{'vad_aggressiveness': 3, 'min_chunk_duration': 1.0, 'max_chunk_duration': 5.0}",,False,2025-09-15T13:22:48.695393
33a28fed-cfee-42a9-a6bc-01095cd5f173,/Users/thun/Desktop/pan-sea/voice-scraping-n-segmentation/data/temp/temp_audio_20250915_133255.wav,audio_for_training/voice181.wav,665,2610.500000000002,2025-09-15T13:33:38.739240,2025-09-15T14:01:30.932381,1672.193724,"{'vad_aggressiveness': 3, 'min_chunk_duration': 1.0, 'max_chunk_duration': 5.0}",,False,2025-09-15T13:33:38.739568
a9026ac3-884c-40d9-af15-fb6a920f834c,/Users/thun/Desktop/pan-sea/voice-scraping-n-segmentation/data/temp/temp_audio_20250915_133317.wav,audio_for_training/voice155.wav,534,2195.390000000001,2025-09-15T13:33:40.001599,2025-09-15T13:52:16.876264,1116.874912,"{'vad_aggressiveness': 3, 'min_chunk_duration': 1.0, 'max_chunk_duration': 5.0}",,False,2025-09-15T13:33:40.001631
7696dbff-c01a-4e9f-bb44-5e7abf83e97e,/Users/thun/Desktop/pan-sea/voice-scraping-n-segmentation/data/temp/temp_audio_20250915_134128.wav,audio_for_training/voice166.wav,390,1830.4200000000003,2025-09-15T13:41:40.594076,2025-09-15T13:59:55.616742,1095.023017,"{'vad_aggressiveness': 3, 'min_chunk_duration': 1.0, 'max_chunk_duration': 5.0}",,False,2025-09-15T13:41:40.594123
4eb4ad3a-e0ad-44ce-89e1-5c99b9d5f9bd,/Users/thun/Desktop/pan-sea/voice-scraping-n-segmentation/data/temp/temp_audio_20250915_134412.wav,audio_for_training/voice173.wav,389,1826.65,2025-09-15T13:44:24.945991,2025-09-15T14:02:47.607291,1102.661998,"{'vad_aggressiveness': 3, 'min_chunk_duration': 1.0, 'max_chunk_duration': 5.0}",,False,2025-09-15T13:44:24.946053
9980eaf3-9e1a-4891-b53f-8d99616d5467,/Users/thun/Desktop/pan-sea/voice-scraping-n-segmentation/data/temp/temp_audio_20250915_134426.wav,audio_for_training/voice145.wav,535,2195.740000000001,2025-09-15T13:44:47.382352,2025-09-15T14:07:01.362350,1333.982494,"{'vad_aggressiveness': 3, 'min_chunk_duration': 1.0, 'max_chunk_duration': 5.0}",,False,2025-09-15T13:44:47.382440
d547c93c-aac5-4f0d-966c-e28c95401a7a,/Users/thun/Desktop/pan-sea/voice-scraping-n-segmentation/data/temp/temp_audio_20250915_135409.wav,audio_for_training/voice138.wav,1736,8276.38,2025-09-15T13:55:08.344828,2025-09-15T15:27:52.356727,5564.012548,"{'vad_aggressiveness': 3, 'min_chunk_duration': 1.0, 'max_chunk_duration': 5.0}",,False,2025-09-15T13:55:08.344900
ef5df44e-6c42-4fbd-b4f0-8088149aba36,/Users/thun/Desktop/pan-sea/voice-scraping-n-segmentation/data/temp/temp_audio_20250915_135518.wav,audio_for_training/voice156.wav,534,2195.390000000001,2025-09-15T13:55:35.789229,2025-09-15T14:14:06.666901,1110.877991,"{'vad_aggressiveness': 3, 'min_chunk_duration': 1.0, 'max_chunk_duration': 5.0}",,False,2025-09-15T13:55:35.789837
0fa0fd72-75ae-4548-8d3e-cd2e27ed7c29,/Users/thun/Desktop/pan-sea/voice-scraping-n-segmentation/data/temp/temp_audio_20250915_141812.wav,audio_for_training/voice174.wav,389,1826.65,2025-09-15T14:19:01.650116,2025-09-15T14:37:18.104572,1096.455655,"{'vad_aggressiveness': 3, 'min_chunk_duration': 1.0, 'max_chunk_duration': 5.0}",,False,2025-09-15T14:19:01.650200
78fa1fe1-60a4-46e0-be2d-86747df57963,/Users/thun/Desktop/pan-sea/voice-scraping-n-segmentation/data/temp/temp_audio_20250915_141737.wav,audio_for_training/voice182.wav,851,3339.8600000000065,2025-09-15T14:19:02.516445,2025-09-15T14:55:32.452808,2189.936665,"{'vad_aggressiveness': 3, 'min_chunk_duration': 1.0, 'max_chunk_duration': 5.0}",,False,2025-09-15T14:19:02.516608
7fc168fe-216d-4410-84e7-a995b3cd2017,/Users/thun/Desktop/pan-sea/voice-scraping-n-segmentation/data/temp/temp_audio_20250915_141741.wav,audio_for_training/voice167.wav,390,1830.09,2025-09-15T14:19:03.339812,2025-09-15T14:37:32.463325,1109.124424,"{'vad_aggressiveness': 3, 'min_chunk_duration': 1.0, 'max_chunk_duration': 5.0}",,False,2025-09-15T14:19:03.339981
34743431-4e0e-474c-bb41-88d8496aa17f,/Users/thun/Desktop/pan-sea/voice-scraping-n-segmentation/data/temp/temp_audio_20250915_141752.wav,audio_for_training/voice157.wav,534,2195.390000000001,2025-09-15T14:19:05.690914,2025-09-15T14:37:39.153888,1113.464307,"{'vad_aggressiveness': 3, 'min_chunk_duration': 1.0, 'max_chunk_duration': 5.0}",,False,2025-09-15T14:19:05.691130
93e31cd2-614e-4a4c-95c0-c729d98df502,/Users/thun/Desktop/pan-sea/voice-scraping-n-segmentation/data/temp/temp_audio_20250915_141759.wav,audio_for_training/voice146.wav,535,2195.740000000001,2025-09-15T14:19:06.144162,2025-09-15T14:41:06.856320,1320.712804,"{'vad_aggressiveness': 3, 'min_chunk_duration': 1.0, 'max_chunk_duration': 5.0}",,False,2025-09-15T14:19:06.144341
96b611e7-cd70-4431-96ae-6f62e09e7763,/Users/thun/Desktop/pan-sea/voice-scraping-n-segmentation/data/temp/temp_audio_20250915_143805.wav,audio_for_training/voice168.wav,390,1830.09,2025-09-15T14:38:34.261732,2025-09-15T14:59:07.340600,1233.079506,"{'vad_aggressiveness': 3, 'min_chunk_duration': 1.0, 'max_chunk_duration': 5.0}",,False,2025-09-15T14:38:34.268299
fe5316cb-51ac-430e-8194-cec18fa6ae6b,/Users/thun/Desktop/pan-sea/voice-scraping-n-segmentation/data/temp/temp_audio_20250915_143811.wav,audio_for_training/voice158.wav,534,2195.390000000001,2025-09-15T14:38:45.640775,2025-09-15T14:57:10.402593,1104.762097,"{'vad_aggressiveness': 3, 'min_chunk_duration': 1.0, 'max_chunk_duration': 5.0}",,False,2025-09-15T14:38:45.644801
61741aec-19c0-4d25-8653-19a360cd70c1,/Users/thun/Desktop/pan-sea/voice-scraping-n-segmentation/data/temp/temp_audio_20250915_143817.wav,audio_for_training/voice175.wav,389,1826.65,2025-09-15T14:38:46.099982,2025-09-15T14:59:38.827560,1252.727745,"{'vad_aggressiveness': 3, 'min_chunk_duration': 1.0, 'max_chunk_duration': 5.0}",,False,2025-09-15T14:38:46.100017
2271aa92-85f4-4573-938d-07f2b05a242c,/Users/thun/Desktop/pan-sea/voice-scraping-n-segmentation/data/temp/temp_audio_20250915_144141.wav,audio_for_training/voice147.wav,535,2195.740000000001,2025-09-15T14:41:58.245144,2025-09-15T15:08:43.126560,1604.883609,"{'vad_aggressiveness': 3, 'min_chunk_duration': 1.0, 'max_chunk_duration': 5.0}",,False,2025-09-15T14:41:58.245632
